{
  "name": "Circular Zone",
  "description": "Create a Circular Zone or a Circular Keepout Zone.",
  "description_full": "This plugin creates a circular zone or a circular keepout zone. You can specify the center, radius, and number of segments. It is useful for creating round keepout areas or special zones on the PCB.",
  "identifier": "com.github.adam.kicad-action-scripts.circularzone",
  "type": "plugin",
  "author": {
    "name": "Adam",
    "contact": {
      "web": "https://github.com/adam/kicad-action-scripts"
    }
  },
  "maintainer": {
    "name": "Adam",
    "contact": {
      "web": "https://github.com/adam/kicad-action-scripts"
    }
  },
  "license": "MIT",
  "versions": [
    {
      "version": "1.0.0",
      "status": "stable",
      "kicad_version": "6.0"
    }
  ]
}