{
  "name": "Via Stitching",
  "description": "Via Stitching for PCB Zone.",
  "description_full": "This plugin fills a zone with vias (stitching). It is useful for creating a strong connection between copper layers, for example for grounding.",
  "identifier": "com.github.adam.kicad-action-scripts.viastitching",
  "type": "plugin",
  "author": {
    "name": "JS Reynaud",
    "contact": {
      "web": "https://github.com/jsreynaud/kicad-action-scripts"
    }
  },
  "maintainer": {
    "name": "Adam",
    "contact": {
      "web": "https://github.com/adam/kicad-action-scripts"
    }
  },
  "license": "GPL-2.0-or-later",
  "versions": [
    {
      "version": "1.0.0",
      "status": "stable",
      "kicad_version": "6.0"
    }
  ]
}