{
  "name": "Via Stitching",
  "description": "Via Stitching for PCB Zone.",
  "description_full": "This plugin fills a zone with vias (stitching). It is useful for creating a strong connection between copper layers, for example for grounding.",
  "identifier": "com.github.adam.kicad-action-scripts.viastitching",
  "type": "plugin",
  "author": {
    "name": "JS Reynaud",
    "contact": {
      "web": "https://github.com/jsreynaud/kicad-action-scripts"
    }
  },
  "maintainer": {
    "name": "Adam",
    "contact": {
      "web": "https://github.com/adam/kicad-action-scripts"
    }
  },
  "license": "GPL-2.0-or-later",
  "versions": [
    {
      "version": "1.0.0",
      "status": "stable",
      "kicad_version": "6.0",
      "download_url": "https://github.com/adamvotava1/kicad-action-scripts/raw/refs/heads/main/ViaStitching.zip",
      "download_sha256": "baf6ea7473daf86c7d2d8b8cb81f89f6b96b6ef88c9cf9bbedb083158b5acc35",
      "download_size": 21053
    }
  ]
}